{"Task_Name": 1530670538.6877725, "cheng": 1530670981.0623405}