{"Task_Name1": 1530593487.3835592, "Task_Name3": 1530596991.7348506, "Task_Name123": 1530597423.2253103, "Task_Name": 1530597795.114382}