{"Task_Name": 1530446898.119466, "Task_Name1": 1530451616.94276}